Parameter name,lower limit,upper limit
soil_loam_9_patch_default_ID,9,9
soil_loam_9_DOC_adsorption_rate,1.15E-05,3.45E-05
soil_loam_9_DOM_decay_rate (m),0,0
soil_loam_9_DON_adsorption_rate,5.00E-07,1.50E-06
soil_loam_9_DON_production_rate,0.015001736,0.044999764
soil_loam_9_Ksat_0,0.125084594,0.374960266
soil_loam_9_Ksat_0_v,0.125059704,0.374960795
soil_loam_9_NH4_adsorption_rate,2.50E-06,7.50E-06
soil_loam_9_NO3_adsorption_rate,0,0
soil_loam_9_N_decay (m),0,0
soil_loam_9_P3,0,0
soil_loam_9_active_zone_z,0.420100011,1.259881516
soil_loam_9_albedo,0.130007663,0.389990971
soil_loam_9_clay,0.004358178,0.858658618
soil_loam_9_deltaZ,0.500129377,1.499996055
soil_loam_9_detention_store_size,0,0
soil_loam_9_gl_c,0.003100022,0.00929944
soil_loam_9_gsurf_intercept,0.000500045,0.001499952
soil_loam_9_gsurf_slope,0.005000059,0.014998268
soil_loam_9_interval_size,0.000500237,0.001499987
soil_loam_9_m,1.640538658,4.919864071
soil_loam_9_m_z,1.640936168,4.919957192
soil_loam_9_max_heat_capacity,0,0
soil_loam_9_maximum_snow_energy_deficit,-14.99888613,-5.001422511
soil_loam_9_min_heat_capacity,0,0
soil_loam_9_p4,-2.249933135,-0.75021002
soil_loam_9_pore_size_index,0.090024874,0.269976542
soil_loam_9_porosity_0,0.215052634,0.644957899
soil_loam_9_porosity_decay,5.726041255,17.1724718
soil_loam_9_psi_air_entry,0.275025994,0.8249497
soil_loam_9_psi_max,0.005001251,0.014998063
soil_loam_9_sand,0.002087335,0.744239058
soil_loam_9_sat_to_gw_coeff,0.500019987,1.499874308
soil_loam_9_silt,0.064099029,0.969975092
soil_loam_9_snow_light_ext_coef,5000,15000
soil_loam_9_snow_melt_Tcoef,0.025007333,0.074995757
soil_loam_9_snow_water_capacity,0,0
soil_loam_9_soil_depth,1.095248365,3.284779103
soil_loam_9_theta_mean_std_p1,0.13696705,0.410391334
soil_loam_9_theta_mean_std_p2,-0.656877245,-0.219093271
soil_loam_9_theta_psi_curve,0.500110266,1.499834222
soil_loam_9_maxrootdepth,0.835179066,2.504286202
soil_loam_9_particledensity,1.290165691,3.869966051
soil_loam_9_soilc,1.765280178,5.294854684
soil_loam_9_soilcDecay,-1.91987903,-0.640046192
soil_loam_9_PH,3.500834869,10.49934549
soil_sand_10_patch_default_ID,10,10
soil_sand_10_DOC_adsorption_rate,1.15E-05,3.45E-05
soil_sand_10_DOM_decay_rate (m),0,0
soil_sand_10_DON_adsorption_rate,5.00E-07,1.50E-06
soil_sand_10_DON_production_rate,0.015000445,0.044997348
soil_sand_10_Ksat_0,0.150044672,0.449946661
soil_sand_10_Ksat_0_v,0.15003645,0.449980069
soil_sand_10_NH4_adsorption_rate,2.50E-06,7.50E-06
soil_sand_10_NO3_adsorption_rate,0,0
soil_sand_10_N_decay (m),0,0
soil_sand_10_P3,0,0
soil_sand_10_active_zone_z,0.400022445,1.199966544
soil_sand_10_albedo,0.150037508,0.449973691
soil_sand_10_clay,0.006615717,0.811618377
soil_sand_10_deltaZ,0.500004275,1.499938895
soil_sand_10_detention_store_size,0,0
soil_sand_10_gl_c,0.003101304,0.009299497
soil_sand_10_gsurf_intercept,0.000500002,0.001499959
soil_sand_10_gsurf_slope,0.005004365,0.014999658
soil_sand_10_interval_size,0.00050007,0.00149974
soil_sand_10_m,1.550215293,4.649457312
soil_sand_10_m_z,1.550078528,4.649129464
soil_sand_10_max_heat_capacity,0,0
soil_sand_10_maximum_snow_energy_deficit,-14.99952158,-5.001796801
soil_sand_10_min_heat_capacity,0,0
soil_sand_10_p4,-2.249864315,-0.750011931
soil_sand_10_pore_size_index,0.100030688,0.299985253
soil_sand_10_porosity_0,0.200019031,0.599926067
soil_sand_10_porosity_decay,5.100227082,15.29632818
soil_sand_10_psi_air_entry,0.300025732,0.899988896
soil_sand_10_psi_max,0.005000439,0.014999686
soil_sand_10_sand,0.001148945,0.71998372
soil_sand_10_sat_to_gw_coeff,0.500140974,1.499799381
soil_sand_10_silt,0.063970669,0.933421867
soil_sand_10_snow_light_ext_coef,5000,15000
soil_sand_10_snow_melt_Tcoef,0.025000209,0.074985912
soil_sand_10_snow_water_capacity,0,0
soil_sand_10_soil_depth,1.100318609,3.299905637
soil_sand_10_theta_mean_std_p1,0.13680283,0.410395875
soil_sand_10_theta_mean_std_p2,-0.657131953,-0.219099584
soil_sand_10_theta_psi_curve,0.500071535,1.499935995
soil_sand_10_maxrootdepth,0.800097035,2.399860127
soil_sand_10_particledensity,1.300022186,3.899707107
soil_sand_10_soilc,1.750355725,5.249857351
soil_sand_10_soilcDecay,-1.949992987,-0.65004035
soil_sand_10_PH,3.500323122,10.49948808
soil_sandy_loam_12_patch_default_ID,12,12
soil_sandy_loam_12_DOC_adsorption_rate,1.15E-05,3.45E-05
soil_sandy_loam_12_DOM_decay_rate (m),0,0
soil_sandy_loam_12_DON_adsorption_rate,5.00E-07,1.50E-06
soil_sandy_loam_12_DON_production_rate,0.015000103,0.044986129
soil_sandy_loam_12_Ksat_0,0.135075579,0.404943374
soil_sandy_loam_12_Ksat_0_v,0.135126183,0.404897941
soil_sandy_loam_12_NH4_adsorption_rate,2.50E-06,7.50E-06
soil_sandy_loam_12_NO3_adsorption_rate,0,0
soil_sandy_loam_12_N_decay (m),0,0
soil_sandy_loam_12_P3,0,0
soil_sandy_loam_12_active_zone_z,0.425178925,1.274974728
soil_sandy_loam_12_albedo,0.14002708,0.419951491
soil_sandy_loam_12_clay,0.001385243,0.719097374
soil_sandy_loam_12_deltaZ,0.500208447,1.499951239
soil_sandy_loam_12_detention_store_size,0,0
soil_sandy_loam_12_gl_c,0.003100756,0.009299809
soil_sandy_loam_12_gsurf_intercept,0.000500082,0.001499975
soil_sandy_loam_12_gsurf_slope,0.005002859,0.014999635
soil_sandy_loam_12_interval_size,0.000500043,0.001499947
soil_sandy_loam_12_m,1.750160175,5.249778181
soil_sandy_loam_12_m_z,1.750105656,5.249849837
soil_sandy_loam_12_max_heat_capacity,0,0
soil_sandy_loam_12_maximum_snow_energy_deficit,-14.99998114,-5.000838903
soil_sandy_loam_12_min_heat_capacity,0,0
soil_sandy_loam_12_p4,-2.249865285,-0.750133805
soil_sandy_loam_12_pore_size_index,0.095006423,0.28499971
soil_sandy_loam_12_porosity_0,0.210001415,0.629916553
soil_sandy_loam_12_porosity_decay,6.002746419,17.99919476
soil_sandy_loam_12_psi_air_entry,0.28500381,0.854943928
soil_sandy_loam_12_psi_max,0.005000546,0.014998947
soil_sandy_loam_12_sand,0.003795538,0.766130673
soil_sandy_loam_12_sat_to_gw_coeff,0.500210178,1.499846625
soil_sandy_loam_12_silt,0.103427783,0.941442252
soil_sandy_loam_12_snow_light_ext_coef,5000,15000
soil_sandy_loam_12_snow_melt_Tcoef,0.025001797,0.074996998
soil_sandy_loam_12_snow_water_capacity,0,0
soil_sandy_loam_12_soil_depth,1.050336292,3.149860896
soil_sandy_loam_12_theta_mean_std_p1,0.136800392,0.410351083
soil_sandy_loam_12_theta_mean_std_p2,-0.657147911,-0.219265361
soil_sandy_loam_12_theta_psi_curve,0.500141602,1.49988727
soil_sandy_loam_12_maxrootdepth,0.825336266,2.474905396
soil_sandy_loam_12_particledensity,1.350187852,4.049527973
soil_sandy_loam_12_soilc,1.700189354,5.099842003
soil_sandy_loam_12_soilcDecay,-1.874925793,-0.625088476
soil_sandy_loam_12_PH,3.50058868,10.49951453
soil_silt_loam_8_patch_default_ID,8,8
soil_silt_loam_8_DOC_adsorption_rate,1.15E-05,3.45E-05
soil_silt_loam_8_DOM_decay_rate (m),0,0
soil_silt_loam_8_DON_adsorption_rate,5.00E-07,1.50E-06
soil_silt_loam_8_DON_production_rate,0.015002834,0.044998829
soil_silt_loam_8_Ksat_0,0.145024358,0.434994772
soil_silt_loam_8_Ksat_0_v,0.14501296,0.434986992
soil_silt_loam_8_NH4_adsorption_rate,2.50E-06,7.50E-06
soil_silt_loam_8_NO3_adsorption_rate,0,0
soil_silt_loam_8_N_decay (m),0,0
soil_silt_loam_8_P3,0,0
soil_silt_loam_8_active_zone_z,0.410252387,1.229894859
soil_silt_loam_8_albedo,0.145003377,0.434966114
soil_silt_loam_8_clay,0.002183424,0.797916203
soil_silt_loam_8_deltaZ,0.500437065,1.499905947
soil_silt_loam_8_detention_store_size,0,0
soil_silt_loam_8_gl_c,0.003100669,0.009299586
soil_silt_loam_8_gsurf_intercept,0.000500157,0.001499619
soil_silt_loam_8_gsurf_slope,0.005000087,0.014999963
soil_silt_loam_8_interval_size,0.000500109,0.001499997
soil_silt_loam_8_m,1.650183755,4.9499158
soil_silt_loam_8_m_z,1.650227863,4.949672375
soil_silt_loam_8_max_heat_capacity,0,0
soil_silt_loam_8_maximum_snow_energy_deficit,-14.99664065,-5.001343741
soil_silt_loam_8_min_heat_capacity,0,0
soil_silt_loam_8_p4,-2.249972798,-0.750073196
soil_silt_loam_8_pore_size_index,0.090057671,0.269983135
soil_silt_loam_8_porosity_0,0.205022591,0.61499199
soil_silt_loam_8_porosity_decay,5.902915579,17.69900199
soil_silt_loam_8_psi_air_entry,0.280038652,0.839998507
soil_silt_loam_8_psi_max,0.005000068,0.014998615
soil_silt_loam_8_sand,0.004586116,0.783711876
soil_silt_loam_8_sat_to_gw_coeff,0.500128787,1.499929884
soil_silt_loam_8_silt,0.08719293,0.952476067
soil_silt_loam_8_snow_light_ext_coef,5000,15000
soil_silt_loam_8_snow_melt_Tcoef,0.025001132,0.074997528
soil_silt_loam_8_snow_water_capacity,0,0
soil_silt_loam_8_soil_depth,1.075123387,3.224769758
soil_silt_loam_8_theta_mean_std_p1,0.136912093,0.410395522
soil_silt_loam_8_theta_mean_std_p2,-0.657089381,-0.219125607
soil_silt_loam_8_theta_psi_curve,0.500179758,1.499816055
soil_silt_loam_8_maxrootdepth,0.810532156,2.429887585
soil_silt_loam_8_particledensity,1.325243121,3.974992511
soil_silt_loam_8_soilc,1.726169561,5.174929205
soil_silt_loam_8_soilcDecay,-1.904726558,-0.635092717
soil_silt_loam_8_PH,3.50006621,10.49988643
soil_silty_clay_loam_3_patch_default_ID,3,3
soil_silty_clay_loam_3_DOC_adsorption_rate,1.15E-05,3.45E-05
soil_silty_clay_loam_3_DOM_decay_rate (m),0,0
soil_silty_clay_loam_3_DON_adsorption_rate,5.00E-07,1.50E-06
soil_silty_clay_loam_3_DON_production_rate,0.015000187,0.044998568
soil_silty_clay_loam_3_Ksat_0,0.145064146,0.434989143
soil_silty_clay_loam_3_Ksat_0_v,0.145016218,0.434959632
soil_silty_clay_loam_3_NH4_adsorption_rate,2.50E-06,7.50E-06
soil_silty_clay_loam_3_NO3_adsorption_rate,0,0
soil_silty_clay_loam_3_N_decay (m),0,0
soil_silty_clay_loam_3_P3,0,0
soil_silty_clay_loam_3_active_zone_z,0.410173679,1.229951261
soil_silty_clay_loam_3_albedo,0.145006231,0.434976625
soil_silty_clay_loam_3_clay,0.001577018,0.8103342
soil_silty_clay_loam_3_deltaZ,0.500014855,1.499963786
soil_silty_clay_loam_3_detention_store_size,0,0
soil_silty_clay_loam_3_gl_c,0.003100231,0.009299876
soil_silty_clay_loam_3_gsurf_intercept,0.000500141,0.001499697
soil_silty_clay_loam_3_gsurf_slope,0.005000755,0.014999824
soil_silty_clay_loam_3_interval_size,0.000500046,0.001499897
soil_silty_clay_loam_3_m,1.650796137,4.949467414
soil_silty_clay_loam_3_m_z,1.65016518,4.949735334
soil_silty_clay_loam_3_max_heat_capacity,0,0
soil_silty_clay_loam_3_maximum_snow_energy_deficit,-14.99978768,-5.000214814
soil_silty_clay_loam_3_min_heat_capacity,0,0
soil_silty_clay_loam_3_p4,-2.249833417,-0.750267396
soil_silty_clay_loam_3_pore_size_index,0.090022854,0.269992352
soil_silty_clay_loam_3_porosity_0,0.205000051,0.614938297
soil_silty_clay_loam_3_porosity_decay,5.901455549,17.69748623
soil_silty_clay_loam_3_psi_air_entry,0.280005427,0.83999903
soil_silty_clay_loam_3_psi_max,0.005001205,0.014999735
soil_silty_clay_loam_3_sand,0.000137427,0.789767711
soil_silty_clay_loam_3_sat_to_gw_coeff,0.500138059,1.499847845
soil_silty_clay_loam_3_silt,0.041614494,0.960157831
soil_silty_clay_loam_3_snow_light_ext_coef,5003.075125,14999.40215
soil_silty_clay_loam_3_snow_melt_Tcoef,0.025000819,0.074995926
soil_silty_clay_loam_3_snow_water_capacity,0,0
soil_silty_clay_loam_3_soil_depth,1.075237171,3.224894638
soil_silty_clay_loam_3_theta_mean_std_p1,0.136811697,0.410279383
soil_silty_clay_loam_3_theta_mean_std_p2,-0.657141825,-0.219064238
soil_silty_clay_loam_3_theta_psi_curve,0.500090906,1.499994066
soil_silty_clay_loam_3_maxrootdepth,0.810227997,2.429294103
soil_silty_clay_loam_3_particledensity,1.325035768,3.974280436
soil_silty_clay_loam_3_soilc,1.725384199,5.174347049
soil_silty_clay_loam_3_soilcDecay,-1.904852127,-0.635726606
soil_silty_clay_loam_3_PH,3.500043989,10.49998581
stratum_cwt_rhododendron_bgc_stratum_default_ID,802,802
stratum_cwt_rhododendron_bgc_K_absorptance,0.250074267,0.749888594
stratum_cwt_rhododendron_bgc_K_reflectance,0.155017449,0.464995528
stratum_cwt_rhododendron_bgc_K_transmittance,0.110073319,0.32999591
stratum_cwt_rhododendron_bgc_PAR_absorptance,0.50014782,1.499969079
stratum_cwt_rhododendron_bgc_PAR_reflectance,0,0
stratum_cwt_rhododendron_bgc_PAR_transmittance,0,0
stratum_cwt_rhododendron_bgc_epc.alloc_crootc_stemc,0.145017875,0.434954374
stratum_cwt_rhododendron_bgc_epc.alloc_frootc_leafc,0.700457186,2.099977126
stratum_cwt_rhododendron_bgc_epc.alloc_livewoodc_woodc,0.500059382,1.499835282
stratum_cwt_rhododendron_bgc_epc.alloc_prop_day_growth,0.250045435,0.749986398
stratum_cwt_rhododendron_bgc_epc.alloc_stemc_leafc,0.110024929,0.329969119
stratum_cwt_rhododendron_bgc_epc.daily_fire_turnover,0,0
stratum_cwt_rhododendron_bgc_epc.day_leafoff,148,365
stratum_cwt_rhododendron_bgc_epc.day_leafon,30,90
stratum_cwt_rhododendron_bgc_epc.deadwood_fcel,0.355025545,1
stratum_cwt_rhododendron_bgc_epc.deadwood_flig,0,0.644974455
stratum_cwt_rhododendron_bgc_epc.ext_coef,0.275102232,0.82497347
stratum_cwt_rhododendron_bgc_epc.flnr,0.040012702,0.119998796
stratum_cwt_rhododendron_bgc_epc.froot_cn,29.01354165,86.99715739
stratum_cwt_rhododendron_bgc_epc.froot_turnover,0.160020468,0.479971012
stratum_cwt_rhododendron_bgc_epc.frootlitr_fcel,0.023212855,0.907344321
stratum_cwt_rhododendron_bgc_epc.frootlitr_flab,0.005260687,0.914257261
stratum_cwt_rhododendron_bgc_epc.frootlitr_flig,0.002158413,0.773921142
stratum_cwt_rhododendron_bgc_epc.gl_c,1.54E-05,4.60E-05
stratum_cwt_rhododendron_bgc_epc.gl_smax,0.001536838,0.004609059
stratum_cwt_rhododendron_bgc_epc.gr_perc,0.237034444,0.710682022
stratum_cwt_rhododendron_bgc_epc.height_to_stem_coef,1.898676672,5.693932307
stratum_cwt_rhododendron_bgc_epc.height_to_stem_exp,0.175054025,0.52496779
stratum_cwt_rhododendron_bgc_epc.kfrag_base,0.025017054,0.074998923
stratum_cwt_rhododendron_bgc_epc.lai_ratio (allside_oneside),1.00012673,2.999996099
stratum_cwt_rhododendron_bgc_epc.leaf_cn,20.01,50
stratum_cwt_rhododendron_bgc_epc.leaf_turnover,0.160012791,0.479967131
stratum_cwt_rhododendron_bgc_epc.leaflitr_cn,45,97.99
stratum_cwt_rhododendron_bgc_epc.leaflitr_fcel,0.009706517,0.843249439
stratum_cwt_rhododendron_bgc_epc.leaflitr_flab,0.094250704,0.955519317
stratum_cwt_rhododendron_bgc_epc.leaflitr_flig,0.000229005,0.694696508
stratum_cwt_rhododendron_bgc_epc.livewood_cn,125.0348709,374.9994112
stratum_cwt_rhododendron_bgc_epc.livewood_turnover,0.350120477,1.049839226
stratum_cwt_rhododendron_bgc_epc.max_lai,0.750079446,2.249872357
stratum_cwt_rhododendron_bgc_epc.maxlgf,0.025001736,0.074988795
stratum_cwt_rhododendron_bgc_epc.ndays_expand,10,30
stratum_cwt_rhododendron_bgc_epc.ndays_litfall,25,75
stratum_cwt_rhododendron_bgc_epc.ppfd_coef,0.020002805,0.059991379
stratum_cwt_rhododendron_bgc_epc.proj_sla m2_kgC,8.608480987,25.81879876
stratum_cwt_rhododendron_bgc_epc.proj_swa,0.700014778,2.099954179
stratum_cwt_rhododendron_bgc_epc.psi_close,-6.299775207,-2.100555452
stratum_cwt_rhododendron_bgc_epc.psi_open,-1.214924412,-0.405036369
stratum_cwt_rhododendron_bgc_epc.storage_transfer_prop,0.450403461,1.349958244
stratum_cwt_rhododendron_bgc_epc.tcoef,0.10001394,0.299942798
stratum_cwt_rhododendron_bgc_epc.tmax,21.25641519,63.74895462
stratum_cwt_rhododendron_bgc_epc.topt,11.35287695,34.0478832
stratum_cwt_rhododendron_bgc_epc.vpd_close (x1000),2050.131974,6148.52377
stratum_cwt_rhododendron_bgc_epc.vpd_open (x1000),485.0620154,1454.920529
stratum_cwt_rhododendron_bgc_gsurf_intercept,500004.0768,1499889.893
stratum_cwt_rhododendron_bgc_gsurf_slope,0,0
stratum_cwt_rhododendron_bgc_lai_stomatal_fraction,0.500110645,1.499930539
stratum_cwt_rhododendron_bgc_max_heat_capacity,0,0
stratum_cwt_rhododendron_bgc_min_heat_capacity,0,0
stratum_cwt_rhododendron_bgc_mortality,0.010000436,0.029999671
stratum_cwt_rhododendron_bgc_mrc.per_N,0.097243124,0.29162392
stratum_cwt_rhododendron_bgc_mrc.q10,1.21599551,3.646667741
stratum_cwt_rhododendron_bgc_specific_rain_capacity,0.000250045,0.000749991
stratum_cwt_rhododendron_bgc_specific_snow_capacity,0.000500154,0.0014998
stratum_cwt_rhododendron_bgc_wind_attenuation_coef,0.200006974,0.599980227
stratum_cwt_rhododendron_bgc_epc.branch_turnover,0.010000987,0.029996935
stratum_deciduous_stratum_default_ID,2,2
stratum_deciduous_K_absorptance,0.400100706,1.199948478
stratum_deciduous_K_reflectance,0.075011731,0.224943621
stratum_deciduous_K_transmittance,0.025004053,0.074995443
stratum_deciduous_PAR_absorptance,0.400003151,1.199941148
stratum_deciduous_PAR_reflectance,0,0
stratum_deciduous_PAR_transmittance,0.100017553,0.299961999
stratum_deciduous_epc.alloc_crootc_stemc,0.110038433,0.329996905
stratum_deciduous_epc.alloc_frootc_leafc,0.600191841,1.799915789
stratum_deciduous_epc.alloc_livewoodc_woodc,0.080032839,0.239990596
stratum_deciduous_epc.alloc_prop_day_growth,0.050004982,0.149979409
stratum_deciduous_epc.alloc_stemc_leafc,1.100188089,3.299764114
stratum_deciduous_epc.daily_fire_turnover,0,0
stratum_deciduous_epc.day_leafoff,138,365
stratum_deciduous_epc.day_leafon,63,187
stratum_deciduous_epc.deadwood_fcel,0.385118395,1
stratum_deciduous_epc.deadwood_flig,0,0.614881605
stratum_deciduous_epc.ext_coef,0.270021153,0.809970164
stratum_deciduous_epc.flnr,0.040020324,0.119997675
stratum_deciduous_epc.froot_cn,24.0067826,71.9846553
stratum_deciduous_epc.froot_turnover,0.500098171,1.499995434
stratum_deciduous_epc.frootlitr_fcel,0.047692028,0.906927437
stratum_deciduous_epc.frootlitr_flab,0.01808577,0.898264987
stratum_deciduous_epc.frootlitr_flig,0.00281508,0.82092424
stratum_deciduous_epc.gl_c,3.00E-05,9.00E-05
stratum_deciduous_epc.gl_smax,0.003000464,0.008999641
stratum_deciduous_epc.gr_perc,0.125117439,0.374985421
stratum_deciduous_epc.height_to_stem_coef,5.697602147,17.08404633
stratum_deciduous_epc.height_to_stem_exp,0.285074991,0.854824797
stratum_deciduous_epc.kfrag_base,0.005000194,0.014999774
stratum_deciduous_epc.lai_ratio (allside_oneside),1.000067385,2.999708863
stratum_deciduous_epc.leaf_cn,20.01,50
stratum_deciduous_epc.leaf_turnover,0.500253234,1.499993956
stratum_deciduous_epc.leaflitr_cn,45,98
stratum_deciduous_epc.leaflitr_fcel,0.03817677,0.920869526
stratum_deciduous_epc.leaflitr_flab,0.035113141,0.884264938
stratum_deciduous_epc.leaflitr_flig,0.000477149,0.770706784
stratum_deciduous_epc.livewood_cn,24.00252905,71.99504239
stratum_deciduous_epc.livewood_turnover,0.350018282,1.049971758
stratum_deciduous_epc.max_lai,10.00269069,29.99858588
stratum_deciduous_epc.maxlgf,0.075000302,0.224992938
stratum_deciduous_epc.ndays_expand,15,45
stratum_deciduous_epc.ndays_litfall,15,45
stratum_deciduous_epc.ppfd_coef,0.015015476,0.044999287
stratum_deciduous_epc.proj_sla m2_kgC,16.00275273,47.9902647
stratum_deciduous_epc.proj_swa,0.750166513,2.249760791
stratum_deciduous_epc.psi_close,-3.299266622,-1.1001138
stratum_deciduous_epc.psi_open,-0.509987186,-0.170065357
stratum_deciduous_epc.storage_transfer_prop,0.500208098,1.499860166
stratum_deciduous_epc.tcoef,0.100008588,0.299987868
stratum_deciduous_epc.tmax,20.00143072,59.99876202
stratum_deciduous_epc.topt,7.504494929,22.49744307
stratum_deciduous_epc.veg.type,,
stratum_deciduous_epc.vpd_close (x1000),1800.661822,5399.532202
stratum_deciduous_epc.vpd_open (x1000),0,0
stratum_deciduous_gsurf_intercept,500043.2255,1499942.505
stratum_deciduous_gsurf_slope,0,0
stratum_deciduous_lai_stomatal_fraction,0.500026286,1.499856738
stratum_deciduous_max_heat_capacity,0,0
stratum_deciduous_min_heat_capacity,0,0
stratum_deciduous_mortality,0.002502835,0.00749969
stratum_deciduous_mrc.per_N,0.100021213,0.299983351
stratum_deciduous_mrc.q10,1.000801248,2.999735319
stratum_deciduous_specific_rain_capacity,0.000250445,0.000749975
stratum_deciduous_specific_snow_capacity,0.000500197,0.001499902
stratum_deciduous_wind_attenuation_coef,0.200083384,0.599957274
stratum_deciduous_epc.branch_turnover,0.015003838,0.044996125
stratum_eastern_white_pine_stratum_default_ID,807,807
stratum_eastern_white_pine_K_absorptance,0.400024668,1.199963321
stratum_eastern_white_pine_K_reflectance,0.05000114,0.149978926
stratum_eastern_white_pine_K_transmittance,0.050011171,0.149999521
stratum_eastern_white_pine_PAR_absorptance,0.500059557,1.499944923
stratum_eastern_white_pine_PAR_reflectance,0,0
stratum_eastern_white_pine_PAR_transmittance,0,0
stratum_eastern_white_pine_epc.alloc_crootc_stemc,0.145012697,0.434967146
stratum_eastern_white_pine_epc.alloc_frootc_leafc,0.497079287,1.490946107
stratum_eastern_white_pine_epc.alloc_livewoodc_woodc,0.038000491,0.113993141
stratum_eastern_white_pine_epc.alloc_prop_day_growth,0.250121646,0.749990128
stratum_eastern_white_pine_epc.alloc_stemc_leafc,1.365109463,4.094904445
stratum_eastern_white_pine_epc.daily_fire_turnover,0,0
stratum_eastern_white_pine_epc.day_leafoff,148,365
stratum_eastern_white_pine_epc.day_leafon,30,90
stratum_eastern_white_pine_epc.deadwood_fcel,0.362525708,1
stratum_eastern_white_pine_epc.deadwood_flig,0,0.637474292
stratum_eastern_white_pine_epc.ext_coef,0.255012916,0.764996337
stratum_eastern_white_pine_epc.flnr,0.016502031,0.049499784
stratum_eastern_white_pine_epc.froot_cn,26.82804608,80.3975506
stratum_eastern_white_pine_epc.froot_turnover,0.166002232,0.497943801
stratum_eastern_white_pine_epc.frootlitr_fcel,0.066140141,0.92964389
stratum_eastern_white_pine_epc.frootlitr_flab,0.00406458,0.820006791
stratum_eastern_white_pine_epc.frootlitr_flig,0.004122808,0.789639943
stratum_eastern_white_pine_epc.gl_c,1.20E-05,3.60E-05
stratum_eastern_white_pine_epc.gl_smax,0.001200131,0.003599146
stratum_eastern_white_pine_epc.gr_perc,0.100035243,0.299991417
stratum_eastern_white_pine_epc.height_to_stem_coef,5.695019286,17.08373422
stratum_eastern_white_pine_epc.height_to_stem_exp,0.285059845,0.854854271
stratum_eastern_white_pine_epc.kfrag_base,0.005001869,0.014999826
stratum_eastern_white_pine_epc.lai_ratio (allside_oneside),1.270094787,3.809419147
stratum_eastern_white_pine_epc.leaf_cn,20,50
stratum_eastern_white_pine_epc.leaf_turnover,0.16600078,0.497932383
stratum_eastern_white_pine_epc.leaflitr_cn,45,98
stratum_eastern_white_pine_epc.leaflitr_fcel,0.050680571,0.925061245
stratum_eastern_white_pine_epc.leaflitr_flab,0.014927518,0.861936678
stratum_eastern_white_pine_epc.leaflitr_flig,0.00248771,0.802538364
stratum_eastern_white_pine_epc.livewood_cn,25.0048569,74.99861557
stratum_eastern_white_pine_epc.livewood_turnover,0.384504331,1.153406196
stratum_eastern_white_pine_epc.max_lai,10.00301484,29.99925168
stratum_eastern_white_pine_epc.maxlgf,0.025001576,0.074998436
stratum_eastern_white_pine_epc.ndays_expand,10,30
stratum_eastern_white_pine_epc.ndays_litfall,25,75
stratum_eastern_white_pine_epc.ppfd_coef,0.015000311,0.044999053
stratum_eastern_white_pine_epc.proj_sla m2_kgC,9.4015064,28.19795222
stratum_eastern_white_pine_epc.proj_swa,0.700021365,2.099728588
stratum_eastern_white_pine_epc.psi_close,-3.449989252,-1.150104228
stratum_eastern_white_pine_epc.psi_open,-0.944998161,-0.31502864
stratum_eastern_white_pine_epc.storage_transfer_prop,0.500048091,1.499890948
stratum_eastern_white_pine_epc.tcoef,0.100006675,0.299953617
stratum_eastern_white_pine_epc.tmax,20.00226544,59.99941879
stratum_eastern_white_pine_epc.topt,7.502834157,22.49679718
stratum_eastern_white_pine_epc.vpd_close (x1000),1550.055609,4649.753292
stratum_eastern_white_pine_epc.vpd_open (x1000),300.1235569,899.9529265
stratum_eastern_white_pine_gsurf_intercept,500087.1966,1499930.997
stratum_eastern_white_pine_gsurf_slope,0,0
stratum_eastern_white_pine_lai_stomatal_fraction,0.500040033,1.499922012
stratum_eastern_white_pine_max_heat_capacity,0,0
stratum_eastern_white_pine_min_heat_capacity,0,0
stratum_eastern_white_pine_mortality,0.00100027,0.002999959
stratum_eastern_white_pine_mrc.per_N,0.175348791,0.526026782
stratum_eastern_white_pine_mrc.q10,1.000018933,2.999453941
stratum_eastern_white_pine_specific_rain_capacity,0.000120005,0.000359943
stratum_eastern_white_pine_specific_snow_capacity,0.000120012,0.000359954
stratum_eastern_white_pine_wind_attenuation_coef,0.20000988,0.599909334
stratum_eastern_white_pine_epc.branch_turnover,0.010007741,0.029996984
stratum_evergreen_stratum_default_ID,1,1
stratum_evergreen_K_absorptance,0.400007944,1.199972936
stratum_evergreen_K_reflectance,0.050007081,0.149999641
stratum_evergreen_K_transmittance,0.050003772,0.149972335
stratum_evergreen_PAR_absorptance,0.500166704,1.499934159
stratum_evergreen_PAR_reflectance,0,0
stratum_evergreen_PAR_transmittance,0,0
stratum_evergreen_epc.alloc_crootc_stemc,0.150016772,0.449967061
stratum_evergreen_epc.alloc_frootc_leafc,0.662507533,1.987439249
stratum_evergreen_epc.alloc_livewoodc_woodc,0.036515936,0.109486035
stratum_evergreen_epc.alloc_prop_day_growth,0.250066539,0.749959558
stratum_evergreen_epc.alloc_stemc_leafc,0.810074984,2.429635797
stratum_evergreen_epc.daily_fire_turnover,0,0
stratum_evergreen_epc.day_leafoff,130,365
stratum_evergreen_epc.day_leafon,46,136
stratum_evergreen_epc.deadwood_fcel,0.260033493,0.779982603
stratum_evergreen_epc.deadwood_flig,0.220017397,0.739966507
stratum_evergreen_epc.ext_coef,0.250159348,0.749801063
stratum_evergreen_epc.flnr,0.040001454,0.119977998
stratum_evergreen_epc.froot_cn,69.85817953,209.539146
stratum_evergreen_epc.froot_turnover,0.135064794,0.404977491
stratum_evergreen_epc.frootlitr_fcel,0.03116328,0.910569081
stratum_evergreen_epc.frootlitr_flab,0.006698218,0.723943747
stratum_evergreen_epc.frootlitr_flig,0.017960491,0.869279056
stratum_evergreen_epc.gl_c,3.00E-05,9.00E-05
stratum_evergreen_epc.gl_smax,0.003000727,0.008999237
stratum_evergreen_epc.gr_perc,0.100023302,0.299972438
stratum_evergreen_epc.height_to_stem_coef,5.695055093,17.08484254
stratum_evergreen_epc.height_to_stem_exp,0.285132035,0.854971543
stratum_evergreen_epc.kfrag_base,0.005002876,0.014999575
stratum_evergreen_epc.lai_ratio (allside_oneside),1.300145051,3.899980319
stratum_evergreen_epc.leaf_cn,20,50
stratum_evergreen_epc.leaf_turnover,0.135005628,0.404947537
stratum_evergreen_epc.leaflitr_cn,45.02,98
stratum_evergreen_epc.leaflitr_fcel,0.060550992,0.911605735
stratum_evergreen_epc.leaflitr_flab,0.012365678,0.796973682
stratum_evergreen_epc.leaflitr_flig,0.003732142,0.736746383
stratum_evergreen_epc.livewood_cn,100.0090103,299.9802626
stratum_evergreen_epc.livewood_turnover,0.350073519,1.049985004
stratum_evergreen_epc.max_lai,6.000030488,17.99824224
stratum_evergreen_epc.maxlgf,0.025007646,0.074999807
stratum_evergreen_epc.ndays_expand,15,45
stratum_evergreen_epc.ndays_litfall,15,45
stratum_evergreen_epc.ppfd_coef,0.015003734,0.04499916
stratum_evergreen_epc.proj_sla m2_kgC,4.500766728,13.49970635
stratum_evergreen_epc.proj_swa,0.700069577,2.099974663
stratum_evergreen_epc.psi_close,-3.74907242,-1.250238656
stratum_evergreen_epc.psi_open,-0.974888918,-0.325118715
stratum_evergreen_epc.storage_transfer_prop,0.500060039,1.499977619
stratum_evergreen_epc.tcoef,0.100031273,0.299970396
stratum_evergreen_epc.tmax,20.0113216,59.99793916
stratum_evergreen_epc.topt,7.50078065,22.4989569
stratum_evergreen_epc.vpd_close (x1000),1750.095415,5249.943306
stratum_evergreen_epc.vpd_open (x1000),0,0
stratum_evergreen_gsurf_intercept,500032.3171,1499966.478
stratum_evergreen_gsurf_slope,0,0
stratum_evergreen_lai_stomatal_fraction,0.500097238,1.499977215
stratum_evergreen_max_heat_capacity,0,0
stratum_evergreen_min_heat_capacity,0,0
stratum_evergreen_mortality,0.002500286,0.007499939
stratum_evergreen_mrc.per_N,0.105091508,0.314973065
stratum_evergreen_mrc.q10,0.75025824,2.249881317
stratum_evergreen_specific_rain_capacity,0.000120015,0.000359938
stratum_evergreen_specific_snow_capacity,0.000120002,0.000359981
stratum_evergreen_wind_attenuation_coef,0.200129399,0.59998453
stratum_evergreen_epc.branch_turnover,0.015002522,0.04499681
stratum_localdeciduous_stratum_default_ID,402,402
stratum_localdeciduous_K_absorptance,0.357226478,1.071315164
stratum_localdeciduous_K_reflectance,0.097154985,0.291386212
stratum_localdeciduous_K_transmittance,0.047860393,0.143531605
stratum_localdeciduous_PAR_absorptance,0.389286946,1.167539221
stratum_localdeciduous_PAR_reflectance,0.02357469,0.070712493
stratum_localdeciduous_PAR_transmittance,0.087155687,0.26141709
stratum_localdeciduous_epc.alloc_crootc_stemc,0.134526913,0.403490509
stratum_localdeciduous_epc.alloc_frootc_leafc,0.605008344,1.814961828
stratum_localdeciduous_epc.alloc_livewoodc_woodc,0.0872147,0.261640651
stratum_localdeciduous_epc.alloc_prop_day_growth,0.057142942,0.171410591
stratum_localdeciduous_epc.alloc_stemc_leafc,1.021201914,3.063372273
stratum_localdeciduous_epc.daily_fire_turnover,0,0
stratum_localdeciduous_epc.day_leafoff,146,365
stratum_localdeciduous_epc.day_leafon,42,124
stratum_localdeciduous_epc.deadwood_fcel,0.387528154,1
stratum_localdeciduous_epc.deadwood_flig,0,0.612471846
stratum_localdeciduous_epc.ext_coef,0.270008545,0.809830818
stratum_localdeciduous_epc.flnr,0.040007796,0.119996523
stratum_localdeciduous_epc.froot_cn,26.21538214,78.63880997
stratum_localdeciduous_epc.froot_turnover,0.500204788,1.499995929
stratum_localdeciduous_epc.frootlitr_fcel,0.033553734,0.912588578
stratum_localdeciduous_epc.frootlitr_flab,0.023734124,0.865950893
stratum_localdeciduous_epc.frootlitr_flig,0.003419595,0.73145221
stratum_localdeciduous_epc.gl_c,2.55E-05,7.65E-05
stratum_localdeciduous_epc.gl_smax,0.002554151,0.007652101
stratum_localdeciduous_epc.gr_perc,0.125014229,0.374916611
stratum_localdeciduous_epc.height_to_stem_coef,5.69557711,17.08490249
stratum_localdeciduous_epc.height_to_stem_exp,0.285000955,0.854951228
stratum_localdeciduous_epc.kfrag_base,0.005000577,0.014996978
stratum_localdeciduous_epc.lai_ratio (allside_oneside),1.000133323,2.999734209
stratum_localdeciduous_epc.leaf_cn,20,50
stratum_localdeciduous_epc.leaf_turnover,0.500306449,1.499975602
stratum_localdeciduous_epc.leaflitr_cn,45.01,98
stratum_localdeciduous_epc.leaflitr_fcel,0.029507568,0.900855521
stratum_localdeciduous_epc.leaflitr_flab,0.018752278,0.850540749
stratum_localdeciduous_epc.leaflitr_flig,0.000916456,0.726380122
stratum_localdeciduous_epc.livewood_cn,239.4471887,717.8352148
stratum_localdeciduous_epc.livewood_turnover,0.350008619,1.049947229
stratum_localdeciduous_epc.max_lai,3.000081393,8.999648559
stratum_localdeciduous_epc.maxlgf,0.025019385,0.07499131
stratum_localdeciduous_epc.ndays_expand,10,30
stratum_localdeciduous_epc.ndays_litfall,10,30
stratum_localdeciduous_epc.ppfd_coef,0.015003695,0.044992622
stratum_localdeciduous_epc.proj_sla m2_kgC,15.51847881,46.53163577
stratum_localdeciduous_epc.proj_swa,0.742867641,2.228534327
stratum_localdeciduous_epc.psi_close,-3.256905446,-1.086970614
stratum_localdeciduous_epc.psi_open,-0.479999864,-0.160005319
stratum_localdeciduous_epc.storage_transfer_prop,0.500067392,1.499842076
stratum_localdeciduous_epc.tcoef,0.331302639,0.993548834
stratum_localdeciduous_epc.tmax,21.07629877,63.20992604
stratum_localdeciduous_epc.topt,11.31018224,33.91998234
stratum_localdeciduous_epc.vpd_close (x1000),1901.103061,5700.783005
stratum_localdeciduous_epc.vpd_open (x1000),428.7826633,1285.590961
stratum_localdeciduous_gsurf_intercept,42930983.68,128767966
stratum_localdeciduous_gsurf_slope,0,0
stratum_localdeciduous_lai_stomatal_fraction,0.500004431,1.499986703
stratum_localdeciduous_max_heat_capacity,0,0
stratum_localdeciduous_min_heat_capacity,0,0
stratum_localdeciduous_mortality,0.002502022,0.007499791
stratum_localdeciduous_mrc.per_N,0.100020794,0.299953772
stratum_localdeciduous_mrc.q10,1.109617667,3.327845897
stratum_localdeciduous_specific_rain_capacity,0.000250003,0.000749955
stratum_localdeciduous_specific_snow_capacity,0.00050001,0.001499903
stratum_localdeciduous_wind_attenuation_coef,0.200025686,0.599979049
stratum_localdeciduous_epc.branch_turnover,0.010002438,0.029997954
zone_setting2010_lapse_rate_tmax (= lapse rate),0.003,0.01
zone_setting2010_lapse_rate_tmin (= lapse rate),0.002,0.009
zone_setting2010_wet_lapse_rate,0.004,0.006
zone_setting2010_lapse_rate_precip_default,0.000001,0.0001
